{"valores_execucao": {"valor_inicial": 5000, "valor_final": 100000, "valor_max": 100000}, "valor_final_10000": {"postgres": 72.907597, "mariadb": 39.775952}, "valor_final_15000": {"postgres": 111.551207, "mariadb": 54.532455}, "valor_final_20000": {"postgres": 160.391194, "mariadb": 66.148186}, "valor_final_25000": {"postgres": 157.078527, "mariadb": 64.354289}, "valor_final_30000": {"postgres": 206.048234, "mariadb": 76.381473}, "valor_final_35000": {"postgres": 293.247324, "mariadb": 88.034949}, "valor_final_40000": {"postgres": 257.11996, "mariadb": 92.867691}, "valor_final_45000": {"postgres": 351.168112, "mariadb": 148.49131}, "valor_final_50000": {"postgres": 375.69273, "mariadb": 158.11366}, "valor_final_55000": {"postgres": 455.181387, "mariadb": 108.984088}, "valor_final_60000": {"postgres": 467.672071, "mariadb": 397.840778}, "valor_final_65000": {"postgres": 355.148487, "mariadb": 179.745278}, "valor_final_70000": {"postgres": 521.824093, "mariadb": 199.572726}, "valor_final_75000": {"postgres": 653.2645, "mariadb": 189.629423}, "valor_final_80000": {"postgres": 407.501478, "mariadb": 203.686058}, "valor_final_85000": {"postgres": 548.463202, "mariadb": 289.589545}, "valor_final_90000": {"postgres": 732.158477, "mariadb": 265.223533}, "valor_final_95000": {"postgres": 658.085321, "mariadb": 246.004809}, "valor_final_100000": {"postgres": 923.929704, "mariadb": 370.221777}}