{"valores_execucao": {"valor_inicial": 0, "valor_final": 5000, "valor_max": 100000, "quantidade_subprocessos": 9}, "valor_final_10000_1": {"valor_final":10000,"postgres": 50.266927, "mariadb": 23.556286, "subprocessos": 1}, "valor_final_15000_1": {"valor_final":15000,"postgres": 82.132098, "mariadb": 30.188123, "subprocessos": 1}, "valor_final_20000_1": {"valor_final":20000,"postgres": 114.539667, "mariadb": 32.018425, "subprocessos": 1}, "valor_final_25000_1": {"valor_final":25000,"postgres": 169.986293, "mariadb": 34.915625, "subprocessos": 1}, "valor_final_30000_1": {"valor_final":30000,"postgres": 233.657461, "mariadb": 38.263438, "subprocessos": 1}, "valor_final_35000_1": {"valor_final":35000,"postgres": 315.923092, "mariadb": 39.754234, "subprocessos": 1}, "valor_final_40000_1": {"valor_final":40000,"postgres": 421.274147, "mariadb": 42.716499, "subprocessos": 1}, "valor_final_45000_1": {"valor_final":45000,"postgres": 542.493661, "mariadb": 47.262423, "subprocessos": 1}, "valor_final_50000_1": {"valor_final":50000,"postgres": 700.679621, "mariadb": 50.566625, "subprocessos": 1}, "valor_final_55000_1": {"valor_final":55000,"postgres": 892.269962, "mariadb": 52.371857, "subprocessos": 1}, "valor_final_60000_1": {"valor_final":60000,"postgres": 1109.533501, "mariadb": 55.064937, "subprocessos": 1}, "valor_final_65000_1": {"valor_final":65000,"postgres": 1373.382773, "mariadb": 59.573564, "subprocessos": 1}, "valor_final_70000_1": {"valor_final":70000,"postgres": 1660.989292, "mariadb": 60.434419, "subprocessos": 1}, "valor_final_75000_1": {"valor_final":75000,"postgres": 1986.657149, "mariadb": 64.327181, "subprocessos": 1}, "valor_final_80000_1": {"valor_final":80000,"postgres": 2371.815775, "mariadb": 65.872871, "subprocessos": 1}, "valor_final_85000_1": {"valor_final":85000,"postgres": 2783.064069, "mariadb": 69.478837, "subprocessos": 1}, "valor_final_90000_1": {"valor_final":90000,"postgres": 3244.414724, "mariadb": 73.092851, "subprocessos": 1}, "valor_final_95000_1": {"valor_final":95000,"postgres": 3739.398273, "mariadb": 77.329931, "subprocessos": 1}, "valor_final_100000_1": {"valor_final":100000,"postgres": 4268.646955, "mariadb": 80.319827, "subprocessos": 1}, "valor_final_10000_2": {"valor_final":10000,"postgres": 72.230013, "mariadb": 51.312089, "subprocessos": 2}, "valor_final_15000_2": {"valor_final":15000,"postgres": 114.224999, "mariadb": 58.367667, "subprocessos": 2}, "valor_final_20000_2": {"valor_final":20000,"postgres": 168.498786, "mariadb": 70.02331, "subprocessos": 2}, "valor_final_25000_2": {"valor_final":25000,"postgres": 225.888851, "mariadb": 71.847694, "subprocessos": 2}, "valor_final_30000_2": {"valor_final":30000,"postgres": 336.018658, "mariadb": 84.4488, "subprocessos": 2}, "valor_final_35000_2": {"valor_final":35000,"postgres": 552.423036, "mariadb": 92.257632, "subprocessos": 2}, "valor_final_40000_2": {"valor_final":40000,"postgres": 791.290807, "mariadb": 123.879234, "subprocessos": 2}, "valor_final_45000_2": {"valor_final":45000,"postgres": 698.003055, "mariadb": 139.223466, "subprocessos": 2}, "valor_final_50000_2": {"valor_final":50000,"postgres": 231.141563, "mariadb": 132.532957, "subprocessos": 2}, "valor_final_55000_2": {"valor_final":55000,"postgres": 215.655531, "mariadb": 145.978202, "subprocessos": 2}, "valor_final_60000_2": {"valor_final":60000,"postgres": 246.948545, "mariadb": 155.568949, "subprocessos": 2}, "valor_final_65000_2": {"valor_final":65000,"postgres": 219.192598, "mariadb": 181.835665, "subprocessos": 2}, "valor_final_70000_2": {"valor_final":70000,"postgres": 259.156834, "mariadb": 176.58954, "subprocessos": 2}, "valor_final_75000_2": {"valor_final":75000,"postgres": 267.83255, "mariadb": 188.355672, "subprocessos": 2}, "valor_final_80000_2": {"valor_final":80000,"postgres": 272.363284, "mariadb": 199.399411, "subprocessos": 2}, "valor_final_85000_2": {"valor_final":85000,"postgres": 254.608158, "mariadb": 206.047959, "subprocessos": 2}, "valor_final_90000_2": {"valor_final":90000,"postgres": 297.741684, "mariadb": 224.983738, "subprocessos": 2}, "valor_final_95000_2": {"valor_final":95000,"postgres": 291.593585, "mariadb": 238.777801, "subprocessos": 2}, "valor_final_100000_2": {"valor_final":100000,"postgres": 345.645816, "mariadb": 252.00825, "subprocessos": 2}, "valor_final_5000_3": {"valor_final":5000,"postgres": 37.661812, "mariadb": 31.94699, "subprocessos": 3}, "valor_final_10000_3": {"valor_final":10000,"postgres": 47.817101, "mariadb": 41.258701, "subprocessos": 3}, "valor_final_15000_3": {"valor_final":15000,"postgres": 59.262176, "mariadb": 51.160584, "subprocessos": 3}, "valor_final_20000_3": {"valor_final":20000,"postgres": 69.737131, "mariadb": 61.331667, "subprocessos": 3}, "valor_final_25000_3": {"valor_final":25000,"postgres": 89.59156, "mariadb": 71.285084, "subprocessos": 3}, "valor_final_30000_3": {"valor_final":30000,"postgres": 96.177589, "mariadb": 81.449452, "subprocessos": 3}, "valor_final_35000_3": {"valor_final":35000,"postgres": 100.640463, "mariadb": 92.849642, "subprocessos": 3}, "valor_final_40000_3": {"valor_final":40000,"postgres": 156.513161, "mariadb": 103.381463, "subprocessos": 3}, "valor_final_45000_3": {"valor_final":45000,"postgres": 176.916911, "mariadb": 116.016219, "subprocessos": 3}, "valor_final_50000_3": {"valor_final":50000,"postgres": 148.733868, "mariadb": 125.003266, "subprocessos": 3}, "valor_final_55000_3": {"valor_final":55000,"postgres": 164.290881, "mariadb": 136.120116, "subprocessos": 3}, "valor_final_60000_3": {"valor_final":60000,"postgres": 196.442184, "mariadb": 148.138684, "subprocessos": 3}, "valor_final_65000_3": {"valor_final":65000,"postgres": 185.309162, "mariadb": 161.662148, "subprocessos": 3}, "valor_final_70000_3": {"valor_final":70000,"postgres": 229.769233, "mariadb": 173.025948, "subprocessos": 3}, "valor_final_75000_3": {"valor_final":75000,"postgres": 232.100152, "mariadb": 180.262403, "subprocessos": 3}, "valor_final_80000_3": {"valor_final":80000,"postgres": 224.34317, "mariadb": 193.192349, "subprocessos": 3}, "valor_final_85000_3": {"valor_final":85000,"postgres": 305.725282, "mariadb": 205.140941, "subprocessos": 3}, "valor_final_90000_3": {"valor_final":90000,"postgres": 300.29389, "mariadb": 220.188279, "subprocessos": 3}, "valor_final_95000_3": {"valor_final":95000,"postgres": 268.237926, "mariadb": 230.976183, "subprocessos": 3}, "valor_final_100000_3": {"valor_final":100000,"postgres": 281.359719, "mariadb": 245.074692, "subprocessos": 3}, "valor_final_5000_4": {"valor_final":5000,"postgres": 37.339857, "mariadb": 36.101521, "subprocessos": 4}, "valor_final_10000_4": {"valor_final":10000,"postgres": 46.954994, "mariadb": 39.113111, "subprocessos": 4}, "valor_final_15000_4": {"valor_final":15000,"postgres": 53.230726, "mariadb": 48.724793, "subprocessos": 4}, "valor_final_20000_4": {"valor_final":20000,"postgres": 78.473956, "mariadb": 58.910649, "subprocessos": 4}, "valor_final_25000_4": {"valor_final":25000,"postgres": 77.231014, "mariadb": 68.568903, "subprocessos": 4}, "valor_final_30000_4": {"valor_final":30000,"postgres": 91.429, "mariadb": 79.102493, "subprocessos": 4}, "valor_final_35000_4": {"valor_final":35000,"postgres": 94.720141, "mariadb": 89.003964, "subprocessos": 4}, "valor_final_40000_4": {"valor_final":40000,"postgres": 162.256372, "mariadb": 99.544218, "subprocessos": 4}, "valor_final_45000_4": {"valor_final":45000,"postgres": 135.225481, "mariadb": 112.427879, "subprocessos": 4}, "valor_final_50000_4": {"valor_final":50000,"postgres": 127.408804, "mariadb": 122.319204, "subprocessos": 4}, "valor_final_55000_4": {"valor_final":55000,"postgres": 164.934966, "mariadb": 134.286383, "subprocessos": 4}, "valor_final_60000_4": {"valor_final":60000,"postgres": 170.934794, "mariadb": 146.060156, "subprocessos": 4}, "valor_final_65000_4": {"valor_final":65000,"postgres": 231.507088, "mariadb": 161.373106, "subprocessos": 4}, "valor_final_70000_4": {"valor_final":70000,